cell_type,n_cells_balanced,n_genes_hvg,test_accuracy,test_macro_f1,test_weighted_f1,best_val_macro_f1,epochs_ran,balance_reason
CNT,4749,3000,0.9242105263157895,0.924556824895442,0.9245596741008637,0.9218435314250003,14,minimum condition count used
DCT,2472,3000,0.8686868686868687,0.8696052852090004,0.8696052852090005,0.8906375845891975,14,minimum condition count used
EC,5745,3000,0.8703220191470844,0.8697557928676091,0.8697557928676092,0.8809719005509352,30,minimum condition count used
IC,3330,3000,0.8933933933933934,0.8947582393726466,0.8947582393726466,0.9227341171460295,17,minimum condition count used
IMM,4419,3000,0.832579185520362,0.8327149033276195,0.832761021647306,0.8352819620229045,12,Ref count used
PC,2478,3000,0.905241935483871,0.9051953412784278,0.9053560245819366,0.8916354671505463,10,Ref count used
PT,15549,3000,0.9360128617363344,0.9360545825341018,0.9360600331028137,0.939711362502415,19,Ref count used
TAL,10935,3000,0.8989483310470965,0.9000696270661582,0.9000696270661581,0.9115335590898298,9,Ref count used
